Mon Feb 17 01:01:44 PM CST 2025: Daily auto commit
Mon Feb 17 01:05:22 PM CST 2025: Daily auto commit
Mon Feb 17 01:07:20 PM CST 2025: Daily auto commit
Mon Feb 17 01:08:10 PM CST 2025: Daily auto commit
Tue Feb 18 01:30:01 AM CST 2025: Daily auto commit
Wed Feb 19 01:30:01 AM CST 2025: Daily auto commit
Thu Feb 20 01:30:01 AM CST 2025: Daily auto commit
Fri Feb 21 01:30:01 AM CST 2025: Daily auto commit
Sat Feb 22 01:30:01 AM CST 2025: Daily auto commit
Sun Feb 23 01:30:01 AM CST 2025: Daily auto commit
Mon Feb 24 01:30:01 AM CST 2025: Daily auto commit
Tue Feb 25 01:30:01 AM CST 2025: Daily auto commit
Wed Feb 26 01:30:01 AM CST 2025: Daily auto commit
